provider,lat,lon,num_stops_per_week,score
The Rapid,42.96084,-85.67294,425,1
The Rapid,42.96302,-85.67232,350,1
The Rapid,42.96316,-85.66999,425,1
The Rapid,42.95792,-85.66785,124,1
The Rapid,42.95277,-85.66772,124,1
The Rapid,42.94616,-85.6676,124,1
The Rapid,42.9434,-85.6675,124,1
The Rapid,42.94162,-85.66748,124,1
The Rapid,42.93938,-85.66735,124,1
The Rapid,42.93693,-85.66723,124,1
The Rapid,42.93593,-85.66719,124,1
The Rapid,42.93317,-85.66705,124,1
The Rapid,42.93132,-85.66695,124,1
The Rapid,42.92994,-85.66688,124,1
The Rapid,42.92834,-85.6668,124,1
The Rapid,42.9258,-85.66671,124,1
The Rapid,42.92314,-85.66659,124,1
The Rapid,42.92038,-85.66646,124,1
The Rapid,42.91645,-85.66628,124,1
The Rapid,42.91453,-85.66619,124,1
The Rapid,42.90611,-85.66579,124,1
The Rapid,42.9044,-85.66571,124,1
The Rapid,42.90267,-85.66564,124,1
The Rapid,42.89564,-85.66532,124,1
The Rapid,42.89329,-85.66522,124,1
The Rapid,42.89056,-85.66511,124,1
The Rapid,42.88062,-85.66475,124,1
The Rapid,42.8769,-85.6646,124,1
The Rapid,42.8696,-85.6644,124,1
The Rapid,42.86094,-85.66408,83,1
The Rapid,42.85894,-85.66402,83,1
The Rapid,42.85516,-85.6639,83,1
The Rapid,42.85255,-85.66386,83,1
The Rapid,42.85111,-85.66386,83,1
The Rapid,42.84692,-85.66383,83,1
The Rapid,42.84448,-85.66383,83,1
The Rapid,42.84248,-85.6638,83,1
The Rapid,42.84085,-85.66714,83,1
The Rapid,42.84095,-85.67342,83,1
The Rapid,42.85874,-85.68348,83,1
The Rapid,42.86452,-85.684,112,1
The Rapid,42.86589,-85.67503,124,1
The Rapid,42.86588,-85.67323,124,1
The Rapid,42.8658,-85.66846,124,1
The Rapid,42.86941,-85.66408,124,1
The Rapid,42.87345,-85.66422,124,1
The Rapid,42.87699,-85.66434,124,1
The Rapid,42.88033,-85.66446,124,1
The Rapid,42.88733,-85.66471,124,1
The Rapid,42.89035,-85.66486,124,1
The Rapid,42.89303,-85.66496,124,1
The Rapid,42.89634,-85.66511,124,1
The Rapid,42.90229,-85.66537,124,1
The Rapid,42.90552,-85.66551,124,1
The Rapid,42.91405,-85.66595,124,1
The Rapid,42.92007,-85.66622,124,1
The Rapid,42.92343,-85.66636,124,1
The Rapid,42.92537,-85.66645,124,1
The Rapid,42.92978,-85.66668,124,1
The Rapid,42.93112,-85.66673,124,1
The Rapid,42.93278,-85.66682,124,1
The Rapid,42.93531,-85.66694,124,1
The Rapid,42.937,-85.66704,124,1
The Rapid,42.93874,-85.66713,124,1
The Rapid,42.94191,-85.66722,124,1
The Rapid,42.94372,-85.66726,124,1
The Rapid,42.94594,-85.66732,124,1
The Rapid,42.95153,-85.66744,124,1
The Rapid,42.95294,-85.66746,124,1
The Rapid,42.95881,-85.66763,124,1
The Rapid,42.96331,-85.66899,440,1
The Rapid,42.96289,-85.67252,622,2
The Rapid,42.866,-85.66887,41,1
The Rapid,42.86607,-85.67301,41,1
The Rapid,42.8661,-85.67525,41,1
The Rapid,42.9486,-85.66423,162,1
The Rapid,42.94854,-85.66127,234,1
The Rapid,42.9485,-85.6593,234,1
The Rapid,42.94845,-85.65675,162,1
The Rapid,42.94836,-85.65185,162,1
The Rapid,42.94828,-85.64658,162,1
The Rapid,42.94826,-85.64336,162,1
The Rapid,42.94666,-85.63954,238,1
The Rapid,42.94479,-85.63951,238,1
The Rapid,42.94295,-85.63945,238,1
The Rapid,42.94115,-85.63947,162,1
The Rapid,42.93898,-85.63934,162,1
The Rapid,42.9372,-85.63873,162,1
The Rapid,42.93492,-85.63856,162,1
The Rapid,42.93286,-85.63802,162,1
The Rapid,42.93093,-85.6366,162,1
The Rapid,42.92185,-85.63339,162,1
The Rapid,42.91959,-85.63306,162,1
The Rapid,42.91609,-85.63046,162,1
The Rapid,42.90595,-85.62738,162,1
The Rapid,42.90123,-85.62704,162,1
The Rapid,42.89788,-85.62685,162,1
The Rapid,42.89488,-85.62664,162,1
The Rapid,42.89244,-85.62652,162,1
The Rapid,42.88955,-85.62637,162,1
The Rapid,42.88675,-85.62627,162,1
The Rapid,42.88358,-85.62184,239,1
The Rapid,42.8836,-85.6172,239,1
The Rapid,42.8836,-85.61135,239,1
The Rapid,42.88358,-85.60542,77,1
The Rapid,42.88266,-85.60649,236,1
The Rapid,42.8802,-85.60632,236,1
The Rapid,42.87855,-85.60474,236,1
The Rapid,42.87541,-85.59987,236,1
The Rapid,42.87852,-85.59617,234,1
The Rapid,42.88264,-85.59636,234,1
The Rapid,42.88376,-85.59934,234,1
The Rapid,42.88379,-85.60292,234,1
The Rapid,42.88382,-85.60796,234,1
The Rapid,42.88382,-85.61359,234,1
The Rapid,42.88383,-85.61674,234,1
The Rapid,42.8838,-85.62207,234,1
The Rapid,42.88937,-85.62616,160,1
The Rapid,42.89241,-85.62632,160,1
The Rapid,42.89488,-85.62642,160,1
The Rapid,42.898,-85.6266,160,1
The Rapid,42.9013,-85.62685,160,1
The Rapid,42.90563,-85.62712,160,1
The Rapid,42.91535,-85.62965,160,1
The Rapid,42.92089,-85.63306,160,1
The Rapid,42.92663,-85.63363,160,1
The Rapid,42.92898,-85.63499,160,1
The Rapid,42.93066,-85.63623,160,1
The Rapid,42.93242,-85.63749,160,1
The Rapid,42.93541,-85.6384,160,1
The Rapid,42.93708,-85.63854,160,1
The Rapid,42.93878,-85.63918,160,1
The Rapid,42.94092,-85.63937,160,1
The Rapid,42.94276,-85.6393,238,1
The Rapid,42.94501,-85.63931,238,1
The Rapid,42.94646,-85.63932,238,1
The Rapid,42.94839,-85.64293,160,1
The Rapid,42.94841,-85.64564,160,1
The Rapid,42.94848,-85.65154,160,1
The Rapid,42.94857,-85.65647,160,1
The Rapid,42.94862,-85.6589,160,1
The Rapid,42.94867,-85.66148,237,1
The Rapid,42.94871,-85.6638,237,1
The Rapid,42.95354,-85.66413,72,1
The Rapid,42.95165,-85.66409,72,1
The Rapid,42.94908,-85.66408,72,1
The Rapid,42.94602,-85.65914,72,1
The Rapid,42.94374,-85.65912,72,1
The Rapid,42.93942,-85.65896,72,1
The Rapid,42.9371,-85.6588,72,1
The Rapid,42.93562,-85.65869,72,1
The Rapid,42.9312,-85.65834,72,1
The Rapid,42.92927,-85.65819,72,1
The Rapid,42.9236,-85.65778,72,1
The Rapid,42.92032,-85.65756,72,1
The Rapid,42.91577,-85.65722,72,1
The Rapid,42.91062,-85.65691,72,1
The Rapid,42.89861,-85.64641,104,1
The Rapid,42.9005,-85.6534,77,1
The Rapid,42.90283,-85.65521,77,1
The Rapid,42.90372,-85.65621,77,1
The Rapid,42.91122,-85.65675,77,1
The Rapid,42.91558,-85.65701,77,1
The Rapid,42.92003,-85.65735,77,1
The Rapid,42.92366,-85.6576,77,1
The Rapid,42.92816,-85.65791,77,1
The Rapid,42.93099,-85.65813,77,1
The Rapid,42.93546,-85.65848,77,1
The Rapid,42.9373,-85.65862,77,1
The Rapid,42.93921,-85.65875,77,1
The Rapid,42.9435,-85.65895,77,1
The Rapid,42.9453,-85.65897,77,1
The Rapid,42.95147,-85.66394,77,1
The Rapid,42.95422,-85.66395,77,1
The Rapid,42.9611,-85.6637,150,1
The Rapid,42.96042,-85.66188,150,1
The Rapid,42.95931,-85.65874,150,1
The Rapid,42.95928,-85.6569,150,1
The Rapid,42.95934,-85.6544,150,1
The Rapid,42.9539,-85.64938,150,1
The Rapid,42.94669,-85.64935,150,1
The Rapid,42.94461,-85.64932,150,1
The Rapid,42.94128,-85.64931,150,1
The Rapid,42.93744,-85.64902,150,1
The Rapid,42.9347,-85.6488,150,1
The Rapid,42.93105,-85.64848,150,1
The Rapid,42.92838,-85.64823,150,1
The Rapid,42.92643,-85.64807,150,1
The Rapid,42.92292,-85.64782,150,1
The Rapid,42.9165,-85.6474,150,1
The Rapid,42.91167,-85.64715,104,1
The Rapid,42.90838,-85.64697,104,1
The Rapid,42.90577,-85.64684,104,1
The Rapid,42.90169,-85.64664,104,1
The Rapid,42.89564,-85.64624,104,1
The Rapid,42.8913,-85.6461,104,1
The Rapid,42.8767,-85.64548,104,1
The Rapid,42.87054,-85.64532,104,1
The Rapid,42.86919,-85.63428,106,1
The Rapid,42.8646,-85.6253,106,1
The Rapid,42.85924,-85.62517,106,1
The Rapid,42.85319,-85.62501,106,1
The Rapid,42.85123,-85.6297,112,1
The Rapid,42.85483,-85.63383,112,1
The Rapid,42.85486,-85.63931,112,1
The Rapid,42.85339,-85.64639,87,1
The Rapid,42.853,-85.64847,186,1
The Rapid,42.85474,-85.64754,104,1
The Rapid,42.85656,-85.64463,104,1
The Rapid,42.85792,-85.64468,104,1
The Rapid,42.8616,-85.6448,104,1
The Rapid,42.86425,-85.64489,104,1
The Rapid,42.86716,-85.64496,104,1
The Rapid,42.87106,-85.64507,104,1
The Rapid,42.87676,-85.64523,104,1
The Rapid,42.87952,-85.64536,104,1
The Rapid,42.88644,-85.64564,104,1
The Rapid,42.89112,-85.64578,104,1
The Rapid,42.89542,-85.64593,104,1
The Rapid,42.90226,-85.64642,104,1
The Rapid,42.90548,-85.64657,104,1
The Rapid,42.90884,-85.64674,104,1
The Rapid,42.91373,-85.64704,152,1
The Rapid,42.91714,-85.64729,152,1
The Rapid,42.92048,-85.64751,152,1
The Rapid,42.92292,-85.64767,152,1
The Rapid,42.9266,-85.6479,152,1
The Rapid,42.92815,-85.648,152,1
The Rapid,42.93034,-85.64822,152,1
The Rapid,42.93464,-85.64862,152,1
The Rapid,42.93718,-85.64879,152,1
The Rapid,42.94099,-85.64906,152,1
The Rapid,42.9432,-85.6491,152,1
The Rapid,42.94466,-85.64913,152,1
The Rapid,42.94646,-85.64916,152,1
The Rapid,42.95188,-85.64918,152,1
The Rapid,42.95366,-85.64923,152,1
The Rapid,42.95945,-85.65525,152,1
The Rapid,42.95942,-85.65664,152,1
The Rapid,42.95946,-85.65892,152,1
The Rapid,42.96046,-85.66158,152,1
The Rapid,42.95578,-85.66542,76,1
The Rapid,42.95571,-85.6593,76,1
The Rapid,42.95562,-85.65437,76,1
The Rapid,42.95557,-85.65192,76,1
The Rapid,42.95554,-85.6495,76,1
The Rapid,42.95551,-85.64696,76,1
The Rapid,42.95549,-85.64456,76,1
The Rapid,42.95548,-85.6421,76,1
The Rapid,42.95483,-85.63962,76,1
The Rapid,42.952,-85.6396,76,1
The Rapid,42.94094,-85.62969,76,1
The Rapid,42.94094,-85.62544,76,1
The Rapid,42.93954,-85.62495,76,1
The Rapid,42.9365,-85.6247,76,1
The Rapid,42.93431,-85.62292,76,1
The Rapid,42.93431,-85.62086,76,1
The Rapid,42.93431,-85.61774,76,1
The Rapid,42.9343,-85.61,76,1
The Rapid,42.92956,-85.60947,178,1
The Rapid,42.9223,-85.6089,76,1
The Rapid,42.91764,-85.60859,76,1
The Rapid,42.91564,-85.60844,76,1
The Rapid,42.91253,-85.60169,206,1
The Rapid,42.91248,-85.59634,206,1
The Rapid,42.91902,-85.58115,98,1
The Rapid,42.91967,-85.57807,98,1
The Rapid,42.91968,-85.5747,98,1
The Rapid,42.9174,-85.56908,26,1
The Rapid,42.91215,-85.56876,26,1
The Rapid,42.91013,-85.56866,82,1
The Rapid,42.9081,-85.56854,82,1
The Rapid,42.90412,-85.56831,82,1
The Rapid,42.90032,-85.56808,82,1
The Rapid,42.89794,-85.55977,26,1
The Rapid,42.9025,-85.54325,40,1
The Rapid,42.90332,-85.53783,40,1
The Rapid,42.90342,-85.53358,40,1
The Rapid,42.90352,-85.52956,40,1
The Rapid,42.89851,-85.53006,40,1
The Rapid,42.89844,-85.53492,40,1
The Rapid,42.89835,-85.53876,40,1
The Rapid,42.89825,-85.54276,40,1
The Rapid,42.89816,-85.5489,30,1
The Rapid,42.89814,-85.55797,30,1
The Rapid,42.89812,-85.55983,30,1
The Rapid,42.89986,-85.56779,86,1
The Rapid,42.90802,-85.56828,86,1
The Rapid,42.9104,-85.5684,30,1
The Rapid,42.91232,-85.56853,30,1
The Rapid,42.9168,-85.5688,30,1
The Rapid,42.91885,-85.58153,30,1
The Rapid,42.9127,-85.5974,208,1
The Rapid,42.9127,-85.6018,208,1
The Rapid,42.91272,-85.60493,208,1
The Rapid,42.91639,-85.60827,78,1
The Rapid,42.91772,-85.6084,78,1
The Rapid,42.92317,-85.60876,78,1
The Rapid,42.93018,-85.6093,183,1
The Rapid,42.93443,-85.61148,78,1
The Rapid,42.93443,-85.61671,78,1
The Rapid,42.93658,-85.62454,78,1
The Rapid,42.9391,-85.6247,78,1
The Rapid,42.94106,-85.62589,78,1
The Rapid,42.94105,-85.62986,78,1
The Rapid,42.95182,-85.6394,78,1
The Rapid,42.95451,-85.63944,78,1
The Rapid,42.9556,-85.642,78,1
The Rapid,42.95563,-85.6442,78,1
The Rapid,42.95564,-85.64668,78,1
The Rapid,42.95566,-85.64909,78,1
The Rapid,42.9557,-85.6516,78,1
The Rapid,42.95575,-85.65404,78,1
The Rapid,42.95583,-85.65899,78,1
The Rapid,42.95589,-85.66134,78,1
The Rapid,42.96085,-85.6701,172,1
The Rapid,42.9631,-85.67019,172,1
The Rapid,42.96536,-85.66589,102,1
The Rapid,42.96532,-85.66378,102,1
The Rapid,42.96528,-85.66135,190,1
The Rapid,42.96522,-85.6582,190,1
The Rapid,42.96289,-85.65634,174,1
The Rapid,42.9627,-85.654,102,1
The Rapid,42.96168,-85.65144,102,1
The Rapid,42.9604,-85.64731,102,1
The Rapid,42.95964,-85.64423,102,1
The Rapid,42.95901,-85.64197,102,1
The Rapid,42.95817,-85.63866,102,1
The Rapid,42.95772,-85.63622,102,1
The Rapid,42.95681,-85.63406,102,1
The Rapid,42.95544,-85.62838,102,1
The Rapid,42.95544,-85.62521,102,1
The Rapid,42.9532,-85.62079,102,1
The Rapid,42.95245,-85.61943,102,1
The Rapid,42.95092,-85.61556,102,1
The Rapid,42.94978,-85.61266,102,1
The Rapid,42.94828,-85.61163,102,1
The Rapid,42.94476,-85.61009,102,1
The Rapid,42.94293,-85.61007,102,1
The Rapid,42.94131,-85.6101,102,1
The Rapid,42.93833,-85.61018,102,1
The Rapid,42.93459,-85.60988,102,1
The Rapid,42.92704,-85.60822,174,1
The Rapid,42.92702,-85.60333,174,1
The Rapid,42.92696,-85.59885,174,1
The Rapid,42.9269,-85.59448,174,1
The Rapid,42.92684,-85.58926,174,1
The Rapid,42.92685,-85.58743,174,1
The Rapid,42.92336,-85.58775,102,1
The Rapid,42.92316,-85.58543,102,1
The Rapid,42.92326,-85.5852,105,1
The Rapid,42.92329,-85.58746,105,1
The Rapid,42.9265,-85.58695,105,1
The Rapid,42.92701,-85.58959,177,1
The Rapid,42.92706,-85.59455,177,1
The Rapid,42.92711,-85.59975,177,1
The Rapid,42.93421,-85.60969,105,1
The Rapid,42.93759,-85.60996,105,1
The Rapid,42.94073,-85.61008,105,1
The Rapid,42.94371,-85.60996,105,1
The Rapid,42.94828,-85.61147,105,1
The Rapid,42.94986,-85.6125,105,1
The Rapid,42.95103,-85.61551,105,1
The Rapid,42.95263,-85.61953,105,1
The Rapid,42.95382,-85.62133,105,1
The Rapid,42.95549,-85.62466,105,1
The Rapid,42.95558,-85.62807,105,1
The Rapid,42.9564,-85.633,105,1
The Rapid,42.95786,-85.63619,105,1
The Rapid,42.9583,-85.6386,105,1
The Rapid,42.95924,-85.64224,105,1
The Rapid,42.9598,-85.6443,105,1
The Rapid,42.96051,-85.64719,105,1
The Rapid,42.9617,-85.65111,105,1
The Rapid,42.96273,-85.65373,105,1
The Rapid,42.96506,-85.65438,105,1
The Rapid,42.96742,-85.65472,105,1
The Rapid,42.96745,-85.65678,105,1
The Rapid,42.96749,-85.65829,105,1
The Rapid,42.96746,-85.66173,105,1
The Rapid,42.96738,-85.66611,105,1
The Rapid,42.96734,-85.66968,105,1
The Rapid,42.96671,-85.67024,182,1
The Rapid,42.96531,-85.67026,182,1
The Rapid,42.96705,-85.67799,85,1
The Rapid,42.97107,-85.67749,85,1
The Rapid,42.97456,-85.67718,85,1
The Rapid,42.97662,-85.67714,85,1
The Rapid,42.98,-85.6768,85,1
The Rapid,42.98267,-85.67653,85,1
The Rapid,42.98498,-85.6786,85,1
The Rapid,42.98511,-85.68204,85,1
The Rapid,42.98522,-85.68546,85,1
The Rapid,42.98539,-85.69052,88,1
The Rapid,42.98547,-85.69333,88,1
The Rapid,42.98552,-85.69533,88,1
The Rapid,42.98562,-85.69814,88,1
The Rapid,42.986,-85.70863,88,1
The Rapid,42.98605,-85.71408,88,1
The Rapid,42.98612,-85.71779,88,1
The Rapid,42.98614,-85.72144,88,1
The Rapid,42.98621,-85.7276,88,1
The Rapid,42.98625,-85.72984,88,1
The Rapid,42.98639,-85.7363,88,1
The Rapid,42.98653,-85.74281,88,1
The Rapid,42.98658,-85.74565,88,1
The Rapid,42.98777,-85.7495,28,1
The Rapid,42.9909,-85.7544,28,1
The Rapid,42.98687,-85.75468,28,1
The Rapid,42.98672,-85.75675,28,1
The Rapid,42.98675,-85.75929,28,1
The Rapid,42.98679,-85.7626,28,1
The Rapid,42.97232,-85.77112,72,1
The Rapid,42.97753,-85.7764,89,1
The Rapid,42.98073,-85.7765,89,1
The Rapid,42.98677,-85.77609,89,1
The Rapid,42.98668,-85.76623,89,1
The Rapid,42.98664,-85.76222,89,1
The Rapid,42.9866,-85.75907,89,1
The Rapid,42.98656,-85.75666,89,1
The Rapid,42.98718,-85.75452,149,1
The Rapid,42.99088,-85.75421,149,1
The Rapid,42.98757,-85.74959,89,1
The Rapid,42.98643,-85.7469,89,1
The Rapid,42.98637,-85.74236,89,1
The Rapid,42.98628,-85.73838,89,1
The Rapid,42.98619,-85.73471,89,1
The Rapid,42.98609,-85.7298,89,1
The Rapid,42.98602,-85.72671,89,1
The Rapid,42.98598,-85.72158,89,1
The Rapid,42.98591,-85.71328,89,1
The Rapid,42.98549,-85.69865,89,1
The Rapid,42.98539,-85.69565,89,1
The Rapid,42.98529,-85.69261,89,1
The Rapid,42.98523,-85.69071,89,1
The Rapid,42.98508,-85.68582,89,1
The Rapid,42.98495,-85.68167,89,1
The Rapid,42.9848,-85.6778,89,1
The Rapid,42.98141,-85.678,89,1
The Rapid,42.97782,-85.67838,89,1
The Rapid,42.97357,-85.67965,89,1
The Rapid,42.97178,-85.67899,89,1
The Rapid,42.9678,-85.67919,89,1
The Rapid,42.95966,-85.67364,872,2
The Rapid,42.95767,-85.678,158,1
The Rapid,42.9562,-85.6798,160,1
The Rapid,42.95412,-85.68253,88,1
The Rapid,42.95205,-85.68249,88,1
The Rapid,42.94912,-85.68243,88,1
The Rapid,42.94682,-85.6833,88,1
The Rapid,42.947,-85.6872,88,1
The Rapid,42.9454,-85.68815,88,1
The Rapid,42.94362,-85.68875,88,1
The Rapid,42.94196,-85.68945,88,1
The Rapid,42.94163,-85.68578,88,1
The Rapid,42.93993,-85.68694,88,1
The Rapid,42.93688,-85.69164,88,1
The Rapid,42.93568,-85.69392,88,1
The Rapid,42.93555,-85.69627,88,1
The Rapid,42.93555,-85.70062,88,1
The Rapid,42.93555,-85.70322,88,1
The Rapid,42.93515,-85.7064,88,1
The Rapid,42.93304,-85.70624,88,1
The Rapid,42.93048,-85.70606,88,1
The Rapid,42.92732,-85.70587,160,1
The Rapid,42.92428,-85.70579,160,1
The Rapid,42.92104,-85.70567,160,1
The Rapid,42.91777,-85.70553,88,1
The Rapid,42.91373,-85.70538,88,1
The Rapid,42.9101,-85.7087,88,1
The Rapid,42.9085,-85.71309,88,1
The Rapid,42.90738,-85.717,88,1
The Rapid,42.90677,-85.72445,88,1
The Rapid,42.9067,-85.7281,88,1
The Rapid,42.90655,-85.73466,88,1
The Rapid,42.9065,-85.7375,88,1
The Rapid,42.90638,-85.74357,28,1
The Rapid,42.90636,-85.74725,88,1
The Rapid,42.90636,-85.75228,88,1
The Rapid,42.90637,-85.75636,88,1
The Rapid,42.9064,-85.75939,88,1
The Rapid,42.90555,-85.76293,88,1
The Rapid,42.90347,-85.76284,88,1
The Rapid,42.90082,-85.76273,88,1
The Rapid,42.89647,-85.76263,88,1
The Rapid,42.89396,-85.7626,88,1
The Rapid,42.8922,-85.76259,88,1
The Rapid,42.88867,-85.76257,88,1
The Rapid,42.88453,-85.76062,88,1
The Rapid,42.88456,-85.75635,88,1
The Rapid,42.88385,-85.75295,88,1
The Rapid,42.88467,-85.7568,88,1
The Rapid,42.88815,-85.76235,88,1
The Rapid,42.89185,-85.76234,88,1
The Rapid,42.8958,-85.7624,88,1
The Rapid,42.90061,-85.76252,88,1
The Rapid,42.90358,-85.76266,88,1
The Rapid,42.90611,-85.76276,88,1
The Rapid,42.90627,-85.75968,88,1
The Rapid,42.90625,-85.757,88,1
The Rapid,42.90623,-85.75262,88,1
The Rapid,42.90625,-85.7475,88,1
The Rapid,42.90627,-85.74274,28,1
The Rapid,42.90636,-85.73751,88,1
The Rapid,42.90641,-85.73471,88,1
The Rapid,42.90655,-85.72832,88,1
The Rapid,42.90711,-85.71706,88,1
The Rapid,42.90833,-85.71284,88,1
The Rapid,42.90998,-85.70847,88,1
The Rapid,42.91542,-85.70523,88,1
The Rapid,42.91789,-85.70534,88,1
The Rapid,42.9207,-85.70547,88,1
The Rapid,42.92421,-85.70557,160,1
The Rapid,42.93024,-85.70585,88,1
The Rapid,42.9328,-85.70602,88,1
The Rapid,42.9352,-85.7062,88,1
The Rapid,42.9354,-85.70353,88,1
The Rapid,42.9354,-85.70155,88,1
The Rapid,42.9354,-85.6986,88,1
The Rapid,42.93541,-85.69664,88,1
The Rapid,42.93593,-85.69309,88,1
The Rapid,42.93672,-85.69162,88,1
The Rapid,42.93978,-85.68685,88,1
The Rapid,42.94178,-85.68644,88,1
The Rapid,42.94339,-85.68868,88,1
The Rapid,42.94517,-85.68807,88,1
The Rapid,42.94678,-85.68669,88,1
The Rapid,42.94761,-85.68277,88,1
The Rapid,42.95244,-85.6823,88,1
The Rapid,42.95449,-85.68236,88,1
The Rapid,42.95636,-85.67928,165,1
The Rapid,42.95752,-85.67792,165,1
The Rapid,42.96646,-85.67281,147,1
The Rapid,42.97074,-85.6838,152,1
The Rapid,42.97481,-85.6873,224,1
The Rapid,42.97608,-85.68784,152,1
The Rapid,42.97773,-85.6879,152,1
The Rapid,42.9814,-85.6879,152,1
The Rapid,42.98875,-85.68809,152,1
The Rapid,42.99562,-85.68828,152,1
The Rapid,42.99921,-85.68835,152,1
The Rapid,43.0027,-85.68838,152,1
The Rapid,43.00522,-85.68847,152,1
The Rapid,43.01146,-85.68864,152,1
The Rapid,43.01404,-85.6887,152,1
The Rapid,43.02504,-85.68556,106,1
The Rapid,43.02586,-85.69136,37,1
The Rapid,43.02892,-85.69244,106,1
The Rapid,43.03531,-85.68906,80,1
The Rapid,43.03711,-85.68683,80,1
The Rapid,43.03926,-85.68606,80,1
The Rapid,43.03994,-85.68429,80,1
The Rapid,43.04366,-85.68539,80,1
The Rapid,43.04208,-85.68978,80,1
The Rapid,43.03968,-85.68983,80,1
The Rapid,43.02919,-85.69011,105,1
The Rapid,43.02877,-85.6927,105,1
The Rapid,43.02571,-85.68955,105,1
The Rapid,43.02574,-85.68766,105,1
The Rapid,43.01171,-85.6889,153,1
The Rapid,43.00717,-85.68878,153,1
The Rapid,43.00524,-85.68871,153,1
The Rapid,43.0005,-85.68859,153,1
The Rapid,42.99564,-85.68846,153,1
The Rapid,42.99183,-85.68838,153,1
The Rapid,42.98852,-85.68826,153,1
The Rapid,42.98171,-85.68807,153,1
The Rapid,42.97815,-85.68796,153,1
The Rapid,42.97668,-85.688,153,1
The Rapid,42.97523,-85.68787,230,1
The Rapid,42.97205,-85.68525,230,1
The Rapid,42.96632,-85.67239,503,1
The Rapid,42.95621,-85.67462,173,1
The Rapid,42.95367,-85.67604,173,1
The Rapid,42.95132,-85.67734,173,1
The Rapid,42.949,-85.67864,173,1
The Rapid,42.94652,-85.68002,173,1
The Rapid,42.94469,-85.68105,173,1
The Rapid,42.94344,-85.68176,173,1
The Rapid,42.94177,-85.68269,173,1
The Rapid,42.9392,-85.68411,173,1
The Rapid,42.93735,-85.68519,173,1
The Rapid,42.93503,-85.68669,173,1
The Rapid,42.93256,-85.68657,173,1
The Rapid,42.92522,-85.68625,88,1
The Rapid,42.92304,-85.68617,88,1
The Rapid,42.92122,-85.6861,88,1
The Rapid,42.91851,-85.68599,88,1
The Rapid,42.91718,-85.68594,88,1
The Rapid,42.91053,-85.68565,88,1
The Rapid,42.90801,-85.68553,88,1
The Rapid,42.90623,-85.68548,88,1
The Rapid,42.90335,-85.68537,88,1
The Rapid,42.90167,-85.6853,88,1
The Rapid,42.88253,-85.68462,88,1
The Rapid,42.87937,-85.68451,88,1
The Rapid,42.87495,-85.68435,88,1
The Rapid,42.8712,-85.68421,88,1
The Rapid,42.86679,-85.68406,88,1
The Rapid,42.86766,-85.68379,89,1
The Rapid,42.87138,-85.68391,89,1
The Rapid,42.87498,-85.68404,89,1
The Rapid,42.87934,-85.6842,89,1
The Rapid,42.88244,-85.68432,89,1
The Rapid,42.89835,-85.68488,89,1
The Rapid,42.9015,-85.685,89,1
The Rapid,42.90667,-85.68525,89,1
The Rapid,42.90793,-85.68532,89,1
The Rapid,42.91089,-85.68545,89,1
The Rapid,42.9169,-85.68573,89,1
The Rapid,42.9185,-85.6858,89,1
The Rapid,42.9205,-85.68589,89,1
The Rapid,42.92239,-85.68596,89,1
The Rapid,42.92602,-85.68609,89,1
The Rapid,42.93192,-85.68636,178,1
The Rapid,42.93505,-85.68652,178,1
The Rapid,42.93662,-85.68542,178,1
The Rapid,42.93923,-85.6839,178,1
The Rapid,42.94146,-85.68266,178,1
The Rapid,42.94292,-85.68185,178,1
The Rapid,42.94519,-85.68056,178,1
The Rapid,42.9468,-85.67966,178,1
The Rapid,42.9487,-85.6786,178,1
The Rapid,42.95104,-85.6773,178,1
The Rapid,42.953,-85.6762,178,1
The Rapid,42.9553,-85.67493,178,1
The Rapid,42.96046,-85.67512,603,1
The Rapid,42.96202,-85.67412,311,1
The Rapid,42.96517,-85.672,531,1
The Rapid,42.96711,-85.67208,384,1
The Rapid,42.97029,-85.67115,95,1
The Rapid,42.97041,-85.66505,167,1
The Rapid,42.97141,-85.66184,95,1
The Rapid,42.97357,-85.66188,95,1
The Rapid,42.98087,-85.66195,95,1
The Rapid,42.98278,-85.66197,95,1
The Rapid,42.9847,-85.6668,95,1
The Rapid,42.98735,-85.66556,95,1
The Rapid,42.98933,-85.66402,95,1
The Rapid,42.9917,-85.6622,95,1
The Rapid,42.99439,-85.66013,95,1
The Rapid,42.99951,-85.65612,95,1
The Rapid,43.0025,-85.6538,95,1
The Rapid,43.00435,-85.65237,95,1
The Rapid,43.00706,-85.65036,95,1
The Rapid,43.00975,-85.64854,95,1
The Rapid,43.01325,-85.64615,95,1
The Rapid,43.01728,-85.6428,95,1
The Rapid,43.01815,-85.63995,95,1
The Rapid,43.02005,-85.6348,95,1
The Rapid,43.0252,-85.6329,96,1
The Rapid,43.01832,-85.64014,96,1
The Rapid,43.01732,-85.64311,96,1
The Rapid,43.01298,-85.64655,96,1
The Rapid,43.01041,-85.64829,96,1
The Rapid,43.00795,-85.64996,96,1
The Rapid,43.00478,-85.65225,96,1
The Rapid,43.00247,-85.65404,96,1
The Rapid,42.99194,-85.66223,96,1
The Rapid,42.98908,-85.66446,96,1
The Rapid,42.98614,-85.66672,96,1
The Rapid,42.98453,-85.66619,96,1
The Rapid,42.98278,-85.66215,96,1
The Rapid,42.98114,-85.66213,96,1
The Rapid,42.97691,-85.66208,96,1
The Rapid,42.97378,-85.66206,96,1
The Rapid,42.97053,-85.66204,96,1
The Rapid,42.97061,-85.66485,173,1
The Rapid,42.96848,-85.67227,388,1
The Rapid,42.9665,-85.67229,388,1
The Rapid,42.96479,-85.67232,541,1
The Rapid,42.96282,-85.6736,531,1
The Rapid,42.96331,-85.67482,72,1
The Rapid,42.96349,-85.68364,72,1
The Rapid,42.96355,-85.6861,72,1
The Rapid,42.9636,-85.68868,72,1
The Rapid,42.9637,-85.69159,72,1
The Rapid,42.96615,-85.69238,72,1
The Rapid,42.96805,-85.69242,72,1
The Rapid,42.97072,-85.69246,72,1
The Rapid,42.97124,-85.70298,72,1
The Rapid,42.97138,-85.70711,72,1
The Rapid,42.97158,-85.71817,72,1
The Rapid,42.97167,-85.72677,72,1
The Rapid,42.97208,-85.74915,72,1
The Rapid,42.97228,-85.76688,72,1
The Rapid,42.97211,-85.76666,77,1
The Rapid,42.97189,-85.74979,77,1
The Rapid,42.97147,-85.72582,77,1
The Rapid,42.97125,-85.70672,77,1
The Rapid,42.97115,-85.70306,77,1
The Rapid,42.9707,-85.69756,77,1
The Rapid,42.9663,-85.69884,77,1
The Rapid,42.964,-85.6988,77,1
The Rapid,42.96373,-85.69752,77,1
The Rapid,42.96365,-85.69505,77,1
The Rapid,42.96349,-85.68901,77,1
The Rapid,42.96339,-85.6852,77,1
The Rapid,42.96327,-85.67991,77,1
The Rapid,42.9627,-85.67394,618,1
The Rapid,42.96623,-85.66887,72,1
The Rapid,42.96805,-85.66888,72,1
The Rapid,42.97026,-85.66893,72,1
The Rapid,42.97008,-85.65649,72,1
The Rapid,42.97004,-85.65335,72,1
The Rapid,42.96997,-85.64909,72,1
The Rapid,42.96991,-85.64224,72,1
The Rapid,42.97532,-85.63966,72,1
The Rapid,42.97752,-85.63973,72,1
The Rapid,42.98068,-85.63976,72,1
The Rapid,42.98239,-85.63976,72,1
The Rapid,42.99,-85.6398,72,1
The Rapid,42.99194,-85.63979,72,1
The Rapid,42.99388,-85.63977,72,1
The Rapid,43.00018,-85.63978,72,1
The Rapid,43.00132,-85.63978,72,1
The Rapid,43.00489,-85.63976,72,1
The Rapid,43.00609,-85.63975,72,1
The Rapid,43.008,-85.63971,72,1
The Rapid,43.0096,-85.63969,72,1
The Rapid,43.01148,-85.63968,72,1
The Rapid,43.01347,-85.64246,72,1
The Rapid,43.01347,-85.6459,72,1
The Rapid,43.0135,-85.6524,72,1
The Rapid,43.01356,-85.65768,72,1
The Rapid,43.01797,-85.65595,149,1
The Rapid,43.01554,-85.65648,77,1
The Rapid,43.01343,-85.65586,77,1
The Rapid,43.01337,-85.65279,77,1
The Rapid,43.01332,-85.64652,77,1
The Rapid,43.01329,-85.6402,77,1
The Rapid,43.01168,-85.63988,77,1
The Rapid,43.00992,-85.63992,77,1
The Rapid,43.00777,-85.63992,77,1
The Rapid,43.00593,-85.63997,77,1
The Rapid,43.00474,-85.63999,77,1
The Rapid,42.99923,-85.64004,77,1
The Rapid,42.99487,-85.64002,77,1
The Rapid,42.99186,-85.64002,77,1
The Rapid,42.98928,-85.64004,77,1
The Rapid,42.98181,-85.63997,77,1
The Rapid,42.97834,-85.63998,77,1
The Rapid,42.9765,-85.63991,77,1
The Rapid,42.972,-85.63988,77,1
The Rapid,42.97008,-85.64178,77,1
The Rapid,42.97011,-85.64557,77,1
The Rapid,42.97013,-85.64934,77,1
The Rapid,42.97017,-85.6531,77,1
The Rapid,42.97029,-85.65816,77,1
The Rapid,42.96793,-85.67015,77,1
The Rapid,42.96303,-85.66322,160,1
The Rapid,42.96295,-85.65885,72,1
The Rapid,42.96286,-85.65367,72,1
The Rapid,42.96281,-85.65138,72,1
The Rapid,42.96273,-85.64696,72,1
The Rapid,42.9627,-85.644,72,1
The Rapid,42.96265,-85.63618,72,1
The Rapid,42.96265,-85.6337,72,1
The Rapid,42.96267,-85.63004,72,1
The Rapid,42.96266,-85.62758,72,1
The Rapid,42.9627,-85.62472,72,1
The Rapid,42.96326,-85.6176,72,1
The Rapid,42.9667,-85.6176,72,1
The Rapid,42.9693,-85.61765,72,1
The Rapid,42.96992,-85.61426,72,1
The Rapid,42.9786,-85.62508,72,1
The Rapid,42.98234,-85.62504,72,1
The Rapid,42.98092,-85.63014,77,1
The Rapid,42.9786,-85.6301,77,1
The Rapid,42.9761,-85.62747,77,1
The Rapid,42.97692,-85.62558,77,1
The Rapid,42.97016,-85.6105,77,1
The Rapid,42.96865,-85.61779,77,1
The Rapid,42.96469,-85.61777,77,1
The Rapid,42.96293,-85.61776,77,1
The Rapid,42.96282,-85.6217,77,1
The Rapid,42.96281,-85.62733,77,1
The Rapid,42.9628,-85.62976,77,1
The Rapid,42.96279,-85.63364,77,1
The Rapid,42.9628,-85.6359,77,1
The Rapid,42.96281,-85.64043,77,1
The Rapid,42.96284,-85.64439,77,1
The Rapid,42.96287,-85.6475,77,1
The Rapid,42.96292,-85.65218,77,1
The Rapid,42.96299,-85.65414,77,1
The Rapid,42.96304,-85.65669,77,1
The Rapid,42.96728,-85.65688,88,1
The Rapid,42.97293,-85.65689,88,1
The Rapid,42.97683,-85.65698,88,1
The Rapid,42.979,-85.657,88,1
The Rapid,42.9808,-85.65702,88,1
The Rapid,42.98446,-85.65482,88,1
The Rapid,42.98444,-85.65197,88,1
The Rapid,42.98442,-85.64822,88,1
The Rapid,42.98439,-85.64499,88,1
The Rapid,42.98436,-85.63705,88,1
The Rapid,42.98438,-85.63385,88,1
The Rapid,42.98436,-85.62537,88,1
The Rapid,42.98432,-85.62013,88,1
The Rapid,42.98433,-85.61623,88,1
The Rapid,42.98431,-85.61071,88,1
The Rapid,42.9843,-85.60839,88,1
The Rapid,42.9846,-85.60055,88,1
The Rapid,42.99153,-85.60044,88,1
The Rapid,42.99837,-85.59728,88,1
The Rapid,42.98716,-85.59216,87,1
The Rapid,42.98444,-85.60046,87,1
The Rapid,42.98446,-85.60832,87,1
The Rapid,42.98447,-85.61017,87,1
The Rapid,42.9845,-85.61607,87,1
The Rapid,42.98451,-85.61984,87,1
The Rapid,42.98451,-85.63361,87,1
The Rapid,42.98451,-85.63704,87,1
The Rapid,42.98453,-85.64446,87,1
The Rapid,42.98455,-85.64866,87,1
The Rapid,42.98456,-85.65144,87,1
The Rapid,42.98458,-85.65456,87,1
The Rapid,42.98375,-85.65722,87,1
The Rapid,42.981,-85.6572,87,1
The Rapid,42.97919,-85.65717,87,1
The Rapid,42.97725,-85.65714,87,1
The Rapid,42.9726,-85.65714,87,1
The Rapid,42.96752,-85.65703,87,1
The Rapid,42.96536,-85.65698,87,1
The Rapid,42.96309,-85.65896,164,1
The Rapid,42.96315,-85.66209,164,1
The Rapid,42.92803,-85.69049,159,1
The Rapid,42.92807,-85.69341,159,1
The Rapid,42.92487,-85.69758,87,1
The Rapid,42.92189,-85.69733,87,1
The Rapid,42.91714,-85.69588,87,1
The Rapid,42.90807,-85.69539,87,1
The Rapid,42.89897,-85.69968,87,1
The Rapid,42.89901,-85.70528,87,1
The Rapid,42.89908,-85.70958,87,1
The Rapid,42.89915,-85.71324,87,1
The Rapid,42.89924,-85.71749,87,1
The Rapid,42.89934,-85.72129,87,1
The Rapid,42.8958,-85.72456,87,1
The Rapid,42.89343,-85.72451,87,1
The Rapid,42.88771,-85.72439,87,1
The Rapid,42.88072,-85.72411,87,1
The Rapid,42.87712,-85.72392,87,1
The Rapid,42.863,-85.72332,87,1
The Rapid,42.87732,-85.72364,89,1
The Rapid,42.88052,-85.72378,89,1
The Rapid,42.88565,-85.72403,89,1
The Rapid,42.88752,-85.72412,89,1
The Rapid,42.89299,-85.72429,89,1
The Rapid,42.8956,-85.72435,89,1
The Rapid,42.89919,-85.7216,89,1
The Rapid,42.8991,-85.71792,89,1
The Rapid,42.89898,-85.71275,89,1
The Rapid,42.89893,-85.70996,89,1
The Rapid,42.89882,-85.70503,89,1
The Rapid,42.90787,-85.69515,89,1
The Rapid,42.92197,-85.69715,89,1
The Rapid,42.92456,-85.69737,89,1
The Rapid,42.92795,-85.69613,161,1
The Rapid,42.92791,-85.69259,161,1
The Rapid,42.9279,-85.691,161,1
The Rapid,42.91036,-85.58863,130,1
The Rapid,42.90906,-85.58243,56,1
The Rapid,42.90927,-85.57521,56,1
The Rapid,42.88344,-85.55782,56,1
The Rapid,42.88345,-85.55364,56,1
The Rapid,42.88343,-85.54821,56,1
The Rapid,42.88363,-85.53907,56,1
The Rapid,42.88367,-85.54926,56,1
The Rapid,42.88366,-85.55312,56,1
The Rapid,42.88366,-85.5584,56,1
The Rapid,42.9042,-85.56805,86,1
The Rapid,42.91067,-85.56922,56,1
The Rapid,42.90945,-85.57547,56,1
The Rapid,42.90925,-85.58141,56,1
The Rapid,42.91054,-85.58913,133,1
The Rapid,42.91217,-85.5918,133,1
The Rapid,42.91104,-85.7586,202,1
The Rapid,42.91226,-85.75391,202,1
The Rapid,42.91538,-85.74822,72,1
The Rapid,42.91834,-85.74451,72,1
The Rapid,42.92246,-85.73801,72,1
The Rapid,42.92107,-85.73183,72,1
The Rapid,42.92112,-85.72177,72,1
The Rapid,42.92103,-85.71727,72,1
The Rapid,42.92088,-85.71087,72,1
The Rapid,42.9208,-85.7069,72,1
The Rapid,42.92777,-85.68476,72,1
The Rapid,42.92766,-85.67834,72,1
The Rapid,42.9276,-85.67478,72,1
The Rapid,42.92755,-85.67174,72,1
The Rapid,42.92738,-85.66231,72,1
The Rapid,42.92731,-85.65761,72,1
The Rapid,42.92731,-85.65568,72,1
The Rapid,42.9273,-85.65321,72,1
The Rapid,42.9272,-85.64328,72,1
The Rapid,42.92714,-85.63928,72,1
The Rapid,42.92709,-85.63556,72,1
The Rapid,42.927,-85.6283,72,1
The Rapid,42.927,-85.6241,72,1
The Rapid,42.92702,-85.61802,72,1
The Rapid,42.92707,-85.61176,72,1
The Rapid,42.92686,-85.58363,72,1
The Rapid,42.92687,-85.58186,72,1
The Rapid,42.92688,-85.57785,72,1
The Rapid,42.9236,-85.5695,72,1
The Rapid,42.9198,-85.57507,102,1
The Rapid,42.91979,-85.57956,102,1
The Rapid,42.92394,-85.56924,72,1
The Rapid,42.92705,-85.57641,72,1
The Rapid,42.92704,-85.57809,72,1
The Rapid,42.92699,-85.58412,72,1
The Rapid,42.92699,-85.58684,72,1
The Rapid,42.92715,-85.6034,177,1
The Rapid,42.92722,-85.61171,72,1
The Rapid,42.92719,-85.61645,72,1
The Rapid,42.92717,-85.62006,72,1
The Rapid,42.92718,-85.6251,72,1
The Rapid,42.92725,-85.63631,72,1
The Rapid,42.92728,-85.63908,72,1
The Rapid,42.92733,-85.64314,72,1
The Rapid,42.92743,-85.6516,72,1
The Rapid,42.92746,-85.65533,72,1
The Rapid,42.9275,-85.65851,72,1
The Rapid,42.9275,-85.6603,72,1
The Rapid,42.92752,-85.66271,72,1
The Rapid,42.92771,-85.67139,72,1
The Rapid,42.92773,-85.67452,72,1
The Rapid,42.92781,-85.67866,72,1
The Rapid,42.92796,-85.68491,72,1
The Rapid,42.92813,-85.69838,72,1
The Rapid,42.9282,-85.7037,72,1
The Rapid,42.92102,-85.71022,72,1
The Rapid,42.92108,-85.71344,72,1
The Rapid,42.92117,-85.7173,72,1
The Rapid,42.92126,-85.72173,72,1
The Rapid,42.92118,-85.73208,72,1
The Rapid,42.92262,-85.73794,72,1
The Rapid,42.91845,-85.74466,72,1
The Rapid,42.91576,-85.748,72,1
The Rapid,42.9136,-85.73729,130,1
The Rapid,42.91373,-85.73196,130,1
The Rapid,42.91382,-85.72708,130,1
The Rapid,42.9133,-85.6944,130,1
The Rapid,42.9133,-85.6913,130,1
The Rapid,42.9132,-85.681,130,1
The Rapid,42.91305,-85.67223,130,1
The Rapid,42.91281,-85.66177,130,1
The Rapid,42.91273,-85.65623,130,1
The Rapid,42.9127,-85.6516,130,1
The Rapid,42.91264,-85.63985,130,1
The Rapid,42.9126,-85.6345,130,1
The Rapid,42.91252,-85.61729,130,1
The Rapid,42.91354,-85.57523,202,1
The Rapid,42.91241,-85.56897,130,1
The Rapid,42.91051,-85.56793,130,1
The Rapid,42.91003,-85.56258,130,1
The Rapid,42.91266,-85.55961,130,1
The Rapid,42.91264,-85.57021,130,1
The Rapid,42.91354,-85.57502,72,1
The Rapid,42.91273,-85.60947,130,1
The Rapid,42.91273,-85.61736,130,1
The Rapid,42.91278,-85.63383,130,1
The Rapid,42.91288,-85.64372,130,1
The Rapid,42.91296,-85.6582,130,1
The Rapid,42.91302,-85.66245,130,1
The Rapid,42.91326,-85.67178,130,1
The Rapid,42.9134,-85.68155,130,1
The Rapid,42.9135,-85.6906,131,1
The Rapid,42.91353,-85.69604,131,1
The Rapid,42.91352,-85.6993,131,1
The Rapid,42.91378,-85.71425,131,1
The Rapid,42.91393,-85.72027,131,1
The Rapid,42.9139,-85.73257,131,1
The Rapid,42.91378,-85.7382,131,1
The Rapid,42.88456,-85.73493,77,1
The Rapid,42.88451,-85.71846,77,1
The Rapid,42.8844,-85.7106,77,1
The Rapid,42.88432,-85.70559,77,1
The Rapid,42.88424,-85.70055,77,1
The Rapid,42.88417,-85.69607,77,1
The Rapid,42.88394,-85.67294,77,1
The Rapid,42.88388,-85.66908,77,1
The Rapid,42.88388,-85.65964,77,1
The Rapid,42.88373,-85.64914,77,1
The Rapid,42.88367,-85.64098,77,1
The Rapid,42.88364,-85.63546,77,1
The Rapid,42.8836,-85.6312,77,1
The Rapid,42.88569,-85.60635,77,1
The Rapid,42.8985,-85.60703,77,1
The Rapid,42.90528,-85.59785,77,1
The Rapid,42.90524,-85.59302,77,1
The Rapid,42.90521,-85.59045,77,1
The Rapid,42.90569,-85.58786,77,1
The Rapid,42.9088,-85.58807,77,1
The Rapid,42.91173,-85.59197,130,1
The Rapid,42.90889,-85.58825,74,1
The Rapid,42.90531,-85.5891,74,1
The Rapid,42.90538,-85.59426,74,1
The Rapid,42.90539,-85.59756,74,1
The Rapid,42.89875,-85.60732,74,1
The Rapid,42.88565,-85.60665,74,1
The Rapid,42.88353,-85.59942,77,1
The Rapid,42.88262,-85.59656,77,1
The Rapid,42.87814,-85.59633,77,1
The Rapid,42.87553,-85.59974,77,1
The Rapid,42.87891,-85.6049,77,1
The Rapid,42.88024,-85.60608,77,1
The Rapid,42.88202,-85.60616,77,1
The Rapid,42.88384,-85.6315,74,1
The Rapid,42.88386,-85.63499,74,1
The Rapid,42.88391,-85.64143,74,1
The Rapid,42.88395,-85.64874,74,1
The Rapid,42.88411,-85.65921,74,1
The Rapid,42.88419,-85.67052,74,1
The Rapid,42.8846,-85.7094,74,1
The Rapid,42.88474,-85.7187,74,1
The Rapid,42.88478,-85.73585,74,1
The Rapid,42.89482,-85.68505,88,1
The Rapid,42.89064,-85.6849,88,1
The Rapid,42.88485,-85.68468,88,1
The Rapid,42.88508,-85.68439,89,1
The Rapid,42.89062,-85.68461,89,1
The Rapid,42.8946,-85.68475,89,1
The Rapid,42.96668,-85.67642,497,1
The Rapid,42.96601,-85.68234,153,1
The Rapid,42.96805,-85.68273,153,1
The Rapid,42.9662,-85.68023,153,1
The Rapid,42.96649,-85.67664,503,1
The Rapid,42.95631,-85.66756,124,1
The Rapid,43.01348,-85.64042,72,1
The Rapid,42.95845,-85.69194,72,1
The Rapid,42.96083,-85.69227,72,1
The Rapid,42.97072,-85.68912,72,1
The Rapid,42.97063,-85.68535,72,1
The Rapid,42.97753,-85.68954,72,1
The Rapid,42.97824,-85.69086,72,1
The Rapid,42.97954,-85.69391,72,1
The Rapid,42.98128,-85.69703,72,1
The Rapid,42.98269,-85.69933,72,1
The Rapid,42.98144,-85.70055,72,1
The Rapid,42.97741,-85.70069,72,1
The Rapid,42.97505,-85.70379,72,1
The Rapid,42.97524,-85.71661,72,1
The Rapid,42.97512,-85.71661,77,1
The Rapid,42.9748,-85.70462,77,1
The Rapid,42.97737,-85.70052,77,1
The Rapid,42.98126,-85.70039,77,1
The Rapid,42.98263,-85.69957,77,1
The Rapid,42.98102,-85.69694,77,1
The Rapid,42.97929,-85.69368,77,1
The Rapid,42.9783,-85.69134,77,1
The Rapid,42.97078,-85.68555,77,1
The Rapid,42.97088,-85.68958,77,1
The Rapid,42.96828,-85.69257,77,1
The Rapid,42.96607,-85.69253,77,1
The Rapid,42.96413,-85.69249,77,1
The Rapid,42.96106,-85.69243,77,1
The Rapid,42.95839,-85.69238,77,1
The Rapid,42.96009,-85.68375,77,1
The Rapid,42.97229,-85.71722,72,1
The Rapid,42.97251,-85.71705,77,1
The Rapid,42.95906,-85.67608,165,1
The Rapid,42.89154,-85.56755,56,1
The Rapid,42.89167,-85.56747,56,1
The Rapid,43.00008,-85.59295,88,1
The Rapid,42.91402,-85.72583,131,1
The Rapid,42.95623,-85.6838,72,1
The Rapid,42.96025,-85.6835,72,1
The Rapid,42.96008,-85.68135,77,1
The Rapid,42.957,-85.68347,77,1
The Rapid,43.03908,-85.69125,80,1
The Rapid,42.86921,-85.63868,106,1
The Rapid,42.92803,-85.70255,72,1
The Rapid,43.0373,-85.69347,80,1
The Rapid,42.88187,-85.77353,151,1
The Rapid,42.85028,-85.62495,106,1
The Rapid,42.84995,-85.62624,112,1
The Rapid,42.85312,-85.62981,112,1
The Rapid,42.96935,-85.68253,152,1
The Rapid,42.96984,-85.68278,153,1
The Rapid,42.91847,-85.66637,124,1
The Rapid,42.91861,-85.66614,124,1
The Rapid,42.84467,-85.62357,50,1
The Rapid,42.84485,-85.62305,56,1
The Rapid,42.97216,-85.77427,77,1
The Rapid,43.01867,-85.63811,95,1
The Rapid,42.92816,-85.70077,72,1
The Rapid,42.92796,-85.69877,72,1
The Rapid,42.87474,-85.72378,87,1
The Rapid,42.8747,-85.72349,89,1
The Rapid,42.96426,-85.66784,100,1
The Rapid,42.97152,-85.73046,77,1
The Rapid,42.97172,-85.73055,72,1
The Rapid,42.97195,-85.73997,72,1
The Rapid,42.99473,-85.66005,96,1
The Rapid,43.01362,-85.66364,72,1
The Rapid,43.01685,-85.662,72,1
The Rapid,42.9646,-85.669,428,1
The Rapid,42.9238,-85.63341,160,1
The Rapid,42.95855,-85.67025,158,1
The Rapid,42.95174,-85.67016,158,1
The Rapid,42.94868,-85.66933,158,1
The Rapid,42.94924,-85.66993,160,1
The Rapid,42.95194,-85.66998,160,1
The Rapid,42.95499,-85.67004,452,1
The Rapid,42.95867,-85.67006,160,1
The Rapid,42.91847,-85.58127,202,1
The Rapid,42.91717,-85.57976,202,1
The Rapid,42.91604,-85.57499,202,1
The Rapid,42.91574,-85.57465,72,1
The Rapid,42.91764,-85.57987,72,1
The Rapid,42.94096,-85.63846,76,1
The Rapid,42.94929,-85.63955,76,1
The Rapid,42.9491,-85.63937,78,1
The Rapid,42.96195,-85.66408,152,1
The Rapid,42.97707,-85.68935,77,1
The Rapid,42.90958,-85.66596,124,1
The Rapid,42.87338,-85.6645,68,1
The Rapid,42.88786,-85.66502,68,1
The Rapid,42.90925,-85.66567,124,1
The Rapid,42.91677,-85.66605,124,1
The Rapid,42.96256,-85.66798,124,1
The Rapid,42.88357,-85.62454,239,1
The Rapid,42.8836,-85.61938,239,1
The Rapid,42.8809,-85.59628,234,1
The Rapid,42.88633,-85.62599,160,1
The Rapid,42.93256,-85.65845,72,1
The Rapid,42.8985,-85.65212,77,1
The Rapid,42.93263,-85.65826,77,1
The Rapid,42.95571,-85.64938,150,1
The Rapid,42.95209,-85.64939,150,1
The Rapid,42.9202,-85.64766,150,1
The Rapid,42.889,-85.64603,104,1
The Rapid,42.88657,-85.64591,104,1
The Rapid,42.87956,-85.64556,104,1
The Rapid,42.86922,-85.64374,106,1
The Rapid,42.8617,-85.62522,106,1
The Rapid,42.85028,-85.62843,112,1
The Rapid,42.88865,-85.64574,104,1
The Rapid,42.89951,-85.64626,104,1
The Rapid,42.95543,-85.64922,152,1
The Rapid,42.95579,-85.66269,76,1
The Rapid,42.91562,-85.56898,26,1
The Rapid,42.91264,-85.59267,208,1
The Rapid,42.93444,-85.62133,78,1
The Rapid,42.96742,-85.66356,105,1
The Rapid,42.96094,-85.67413,85,1
The Rapid,42.98576,-85.70216,86,1
The Rapid,42.97352,-85.77622,89,1
The Rapid,42.98559,-85.70144,89,1
The Rapid,42.8822,-85.74313,88,1
The Rapid,42.90652,-85.7235,88,1
The Rapid,42.91188,-85.70512,88,1
The Rapid,42.90349,-85.68508,89,1
The Rapid,42.95702,-85.67398,256,1
The Rapid,42.97718,-85.66192,92,1
The Rapid,42.98743,-85.66574,96,1
The Rapid,42.96627,-85.68042,497,1
The Rapid,42.97277,-85.68558,224,1
The Rapid,42.99238,-85.68816,152,1
The Rapid,43.02588,-85.68758,106,1
The Rapid,43.00261,-85.68864,153,1
The Rapid,42.96993,-85.6449,72,1
The Rapid,42.98607,-85.63977,72,1
The Rapid,42.99637,-85.63979,72,1
The Rapid,43.01332,-85.64366,77,1
The Rapid,43.00141,-85.64002,77,1
The Rapid,42.99649,-85.64005,77,1
The Rapid,42.97217,-85.757,72,1
The Rapid,42.97225,-85.76254,72,1
The Rapid,42.97205,-85.76211,77,1
The Rapid,42.97198,-85.75611,77,1
The Rapid,42.9718,-85.71777,226,1
The Rapid,42.96335,-85.68298,77,1
The Rapid,42.96267,-85.63866,56,1
The Rapid,42.96539,-85.61761,72,1
The Rapid,42.98452,-85.6264,143,1
The Rapid,42.97616,-85.6301,77,1
The Rapid,42.96666,-85.61778,77,1
The Rapid,42.97006,-85.61433,77,1
The Rapid,42.98453,-85.63116,87,1
The Rapid,42.92707,-85.69765,87,1
The Rapid,42.91096,-85.6955,87,1
The Rapid,42.89853,-85.72466,87,1
The Rapid,42.86467,-85.72337,87,1
The Rapid,42.86078,-85.72326,87,1
The Rapid,42.86485,-85.72308,89,1
The Rapid,42.89879,-85.69965,89,1
The Rapid,42.91181,-85.69528,89,1
The Rapid,42.91492,-85.69542,89,1
The Rapid,42.91708,-85.69567,89,1
The Rapid,42.92725,-85.69746,89,1
The Rapid,42.95705,-85.67414,244,1
The Rapid,42.89469,-85.56769,56,1
The Rapid,42.89483,-85.56753,56,1
The Rapid,42.95932,-85.67612,158,1
The Rapid,42.96345,-85.69231,72,1
The Rapid,42.92082,-85.56904,72,1
The Rapid,42.91225,-85.75458,203,1
The Rapid,42.9112,-85.75866,203,1
The Rapid,42.92707,-85.57046,72,1
The Rapid,42.92094,-85.71343,72,1
The Rapid,42.92689,-85.57533,72,1
The Rapid,42.96985,-85.67203,387,1
The Rapid,42.91264,-85.5639,130,1
The Rapid,42.91291,-85.65245,130,1
The Rapid,42.9137,-85.71005,131,1
The Rapid,42.9138,-85.72286,130,1
The Rapid,42.91375,-85.72019,130,1
The Rapid,42.91361,-85.71523,130,1
The Rapid,42.91349,-85.70919,130,1
The Rapid,42.91332,-85.69865,130,1
The Rapid,42.9124,-85.57383,130,1
The Rapid,42.88274,-85.77225,151,1
The Rapid,42.88348,-85.74048,77,1
The Rapid,42.88458,-85.73248,77,1
The Rapid,42.88416,-85.69136,77,1
The Rapid,42.88417,-85.68951,77,1
The Rapid,42.88378,-85.65396,77,1
The Rapid,42.89134,-85.60663,77,1
The Rapid,42.89527,-85.60685,77,1
The Rapid,42.89546,-85.60714,74,1
The Rapid,42.89152,-85.6069,74,1
The Rapid,42.8809,-85.59647,77,1
The Rapid,42.88401,-85.65375,74,1
The Rapid,42.88419,-85.67368,74,1
The Rapid,42.88439,-85.69045,74,1
The Rapid,42.88438,-85.69488,74,1
The Rapid,42.88446,-85.70146,74,1
The Rapid,42.88452,-85.70496,74,1
The Rapid,42.88466,-85.71265,74,1
The Rapid,42.88481,-85.73158,74,1
The Rapid,42.88357,-85.74057,74,1
The Rapid,42.88039,-85.76228,74,1
The Rapid,42.98664,-85.75102,60,1
The Rapid,42.99719,-85.76185,60,1
The Rapid,43.00111,-85.7671,60,1
The Rapid,43.0086,-85.77789,60,1
The Rapid,42.98687,-85.76751,28,1
The Rapid,42.98514,-85.77693,88,1
The Rapid,42.97804,-85.77666,88,1
The Rapid,42.97356,-85.77651,88,1
The Rapid,42.97369,-85.67233,292,1
The Rapid,42.97653,-85.67238,292,1
The Rapid,42.97952,-85.672,292,1
The Rapid,42.98333,-85.67061,292,1
The Rapid,42.97915,-85.67235,292,1
The Rapid,42.97604,-85.67259,292,1
The Rapid,42.9735,-85.67252,292,1
The Rapid,42.94109,-85.63917,78,1
The Rapid,42.97054,-85.68123,350,1
The Rapid,42.96283,-85.6257,77,1
The Rapid,42.89794,-85.54986,26,1
The Rapid,42.99779,-85.5938,175,1
The Rapid,42.95948,-85.68722,72,1
The Rapid,42.91198,-85.70536,88,1
The Rapid,42.95802,-85.67246,3681,4
The Rapid,42.88434,-85.66491,124,1
The Rapid,42.8409,-85.6638,83,1
The Rapid,42.84112,-85.68312,83,1
The Rapid,42.86242,-85.68129,425,1
The Rapid,42.86657,-85.66396,124,1
The Rapid,42.92736,-85.66653,124,1
The Rapid,42.94828,-85.64948,162,1
The Rapid,42.94824,-85.63988,162,1
The Rapid,42.88332,-85.62613,162,1
The Rapid,42.87547,-85.59644,396,1
The Rapid,42.91082,-85.62746,160,1
The Rapid,42.96313,-85.66618,310,1
The Rapid,42.94141,-85.6591,72,1
The Rapid,42.92815,-85.6581,72,1
The Rapid,42.91299,-85.65704,72,1
The Rapid,42.89965,-85.64918,149,1
The Rapid,42.91332,-85.65681,77,1
The Rapid,42.9633,-85.66628,316,1
The Rapid,42.95948,-85.6498,150,1
The Rapid,42.91299,-85.64724,302,1
The Rapid,42.88291,-85.64576,104,1
The Rapid,42.86906,-85.62559,106,1
The Rapid,42.85584,-85.62508,106,1
The Rapid,42.84589,-85.61848,80,1
The Rapid,42.86914,-85.645,104,1
The Rapid,42.95588,-85.66798,76,1
The Rapid,42.95567,-85.65687,76,1
The Rapid,42.94095,-85.63483,76,1
The Rapid,42.92682,-85.60926,76,1
The Rapid,42.91351,-85.58731,1030,2
The Rapid,42.9205,-85.56944,26,1
The Rapid,42.89825,-85.56797,56,1
The Rapid,42.90242,-85.54685,66,1
The Rapid,42.92063,-85.56975,102,1
The Rapid,42.93442,-85.62422,78,1
The Rapid,42.94107,-85.63433,78,1
The Rapid,42.95578,-85.65648,78,1
The Rapid,42.8975,-85.64606,104,1
The Rapid,42.96083,-85.64903,102,1
The Rapid,42.95544,-85.63104,102,1
The Rapid,42.95558,-85.63095,105,1
The Rapid,42.96118,-85.64976,105,1
The Rapid,42.98532,-85.68841,88,1
The Rapid,42.98892,-85.75462,149,1
The Rapid,43.0066,-85.77441,60,1
The Rapid,42.96907,-85.7785,326,1
The Rapid,42.98586,-85.70856,89,1
The Rapid,42.92835,-85.70589,88,1
The Rapid,42.90646,-85.73968,88,1
The Rapid,42.90784,-85.76533,261,1
The Rapid,42.88045,-85.75827,228,1
The Rapid,42.88131,-85.74851,253,1
The Rapid,42.92871,-85.70573,88,1
The Rapid,42.9662,-85.68237,152,1
The Rapid,43.00666,-85.68852,152,1
The Rapid,43.02219,-85.6859,305,1
The Rapid,43.04245,-85.68265,80,1
The Rapid,43.0353,-85.69163,211,1
The Rapid,43.02605,-85.69303,105,1
The Rapid,42.92806,-85.68638,175,1
The Rapid,42.91354,-85.6858,88,1
The Rapid,42.89899,-85.6852,88,1
The Rapid,42.98463,-85.66253,95,1
The Rapid,43.02365,-85.63342,191,1
The Rapid,42.99878,-85.65691,96,1
The Rapid,42.9845,-85.66228,96,1
The Rapid,42.97187,-85.73699,72,1
The Rapid,42.9715,-85.716,77,1
The Rapid,42.96357,-85.69257,77,1
The Rapid,42.97019,-85.66167,72,1
The Rapid,42.9704,-85.63962,72,1
The Rapid,42.98491,-85.63976,72,1
The Rapid,42.96274,-85.64957,56,1
The Rapid,42.98435,-85.63031,88,1
The Rapid,42.96289,-85.64968,17,1
The Rapid,42.96267,-85.64004,72,1
The Rapid,42.97059,-85.65691,88,1
The Rapid,42.98438,-85.65704,88,1
The Rapid,42.99404,-85.59776,88,1
The Rapid,42.91358,-85.69557,87,1
The Rapid,42.90362,-85.69466,87,1
The Rapid,42.89906,-85.695,87,1
The Rapid,42.88425,-85.72426,87,1
The Rapid,42.87027,-85.72355,87,1
The Rapid,42.85804,-85.71937,176,1
The Rapid,42.86986,-85.72323,89,1
The Rapid,42.89916,-85.7244,89,1
The Rapid,42.89969,-85.69482,89,1
The Rapid,42.91382,-85.69531,89,1
The Rapid,42.88343,-85.56403,56,1
The Rapid,42.88494,-85.5301,112,1
The Rapid,42.88366,-85.56413,56,1
The Rapid,42.9751,-85.71398,72,1
The Rapid,42.95926,-85.68755,77,1
The Rapid,42.98352,-85.66953,584,1
The Rapid,42.92131,-85.72599,72,1
The Rapid,42.92119,-85.72457,72,1
The Rapid,42.92689,-85.56982,72,1
The Rapid,42.91107,-85.55874,260,1
The Rapid,42.91244,-85.62902,260,1
The Rapid,42.91322,-85.6674,130,1
The Rapid,42.91367,-85.70622,131,1
The Rapid,42.91366,-85.7438,131,1
The Rapid,42.91347,-85.7444,130,1
The Rapid,42.91337,-85.70458,130,1
The Rapid,42.91291,-85.66521,130,1
The Rapid,42.91254,-85.60685,206,1
The Rapid,42.90493,-85.60775,74,1
The Rapid,42.88192,-85.78161,151,1
The Rapid,42.90522,-85.60751,77,1
The Rapid,42.96664,-85.68246,700,2
The Rapid,43.21887,-85.58007,16,1
The Rapid,42.90627,-85.6565,77,1
The Rapid,42.96539,-85.66713,102,1
The Rapid,42.96346,-85.67973,72,1
The Rapid,42.89277,-85.65244,72,1
The Rapid,42.90603,-85.65677,72,1
The Rapid,42.90307,-85.65636,72,1
The Rapid,42.90143,-85.65419,72,1
The Rapid,42.89716,-85.65365,72,1
The Rapid,42.89771,-85.65305,72,1
The Rapid,42.96379,-85.69465,72,1
The Rapid,42.96386,-85.69699,72,1
The Rapid,42.96633,-85.69868,72,1
The Rapid,42.9685,-85.69735,72,1
The Rapid,42.9707,-85.69739,72,1
The Rapid,42.95548,-85.67025,450,1
The Rapid,42.98441,-85.59301,87,1
The Rapid,42.98569,-85.68797,152,1
The Rapid,42.97148,-85.71532,72,1
The Rapid,42.97034,-85.66104,77,1
The Rapid,42.97054,-85.69261,77,1
The Rapid,42.88711,-85.65179,72,1
The Rapid,42.91263,-85.57562,130,1
The Rapid,42.89418,-85.65335,72,1
The Rapid,42.89132,-85.65294,72,1
The Rapid,42.9596,-85.66921,72,1
The Rapid,42.95949,-85.66563,72,1
The Rapid,42.95958,-85.66518,77,1
The Rapid,42.95976,-85.66898,77,1
The Rapid,42.88467,-85.66464,124,1
The Rapid,42.94866,-85.66697,162,1
The Rapid,42.92785,-85.63441,162,1
The Rapid,42.88409,-85.62584,160,1
The Rapid,42.94837,-85.63998,160,1
The Rapid,42.94844,-85.64885,160,1
The Rapid,42.94882,-85.66833,160,1
The Rapid,42.94048,-85.65883,77,1
The Rapid,42.94807,-85.65898,77,1
The Rapid,42.94797,-85.64936,150,1
The Rapid,42.88248,-85.64544,104,1
The Rapid,42.94825,-85.64917,152,1
The Rapid,42.95962,-85.64973,152,1
The Rapid,42.89813,-85.56733,30,1
The Rapid,42.91308,-85.60808,78,1
The Rapid,42.95604,-85.66739,78,1
The Rapid,42.92724,-85.60887,177,1
The Rapid,42.98516,-85.68829,89,1
The Rapid,43.02639,-85.69294,106,1
The Rapid,42.9849,-85.68816,153,1
The Rapid,42.91239,-85.68549,89,1
The Rapid,42.92847,-85.68616,178,1
The Rapid,42.97168,-85.73737,77,1
The Rapid,42.98469,-85.64002,77,1
The Rapid,42.97024,-85.63985,77,1
The Rapid,42.98392,-85.63014,149,1
The Rapid,42.98452,-85.64052,87,1
The Rapid,42.96969,-85.65705,87,1
The Rapid,42.98434,-85.64018,88,1
The Rapid,42.89745,-85.56766,56,1
The Rapid,42.97496,-85.71294,77,1
The Rapid,42.92722,-85.63284,72,1
The Rapid,42.92743,-85.64886,72,1
The Rapid,42.92763,-85.66721,72,1
The Rapid,42.928,-85.687,72,1
The Rapid,42.92708,-85.63269,72,1
The Rapid,42.92723,-85.64893,72,1
The Rapid,42.92743,-85.6664,72,1
The Rapid,42.92782,-85.68648,72,1
The Rapid,42.9129,-85.64819,130,1
The Rapid,42.91346,-85.68642,131,1
The Rapid,42.91323,-85.6842,130,1
The Rapid,42.91268,-85.64631,130,1
The Rapid,42.8846,-85.72286,77,1
The Rapid,42.8841,-85.68523,77,1
The Rapid,42.88383,-85.66391,77,1
The Rapid,42.88369,-85.64451,77,1
The Rapid,42.87643,-85.59626,77,1
The Rapid,42.88379,-85.6272,74,1
The Rapid,42.88391,-85.64426,74,1
The Rapid,42.88408,-85.66439,74,1
The Rapid,42.88436,-85.68623,74,1
The Rapid,42.88484,-85.72392,74,1
The Rapid,42.88154,-85.74772,74,1
The Rapid,42.96473,-85.67207,481,1
The Rapid,42.96926,-85.67204,481,1
The Rapid,42.97038,-85.66696,481,1
The Rapid,42.96844,-85.66509,172,1
The Rapid,42.96349,-85.6651,172,1
The Rapid,42.95793,-85.66418,172,1
The Rapid,42.95524,-85.66778,172,1
The Rapid,42.94846,-85.66765,172,1
The Rapid,42.94263,-85.6675,172,1
The Rapid,42.93494,-85.66715,172,1
The Rapid,42.92729,-85.66677,172,1
The Rapid,42.91951,-85.66644,172,1
The Rapid,42.91263,-85.66612,172,1
The Rapid,42.89822,-85.66547,172,1
The Rapid,42.88315,-85.66488,172,1
The Rapid,42.86537,-85.66423,172,1
The Rapid,42.85539,-85.6636,347,1
The Rapid,42.86514,-85.66392,175,1
The Rapid,42.8832,-85.66457,175,1
The Rapid,42.89897,-85.66522,175,1
The Rapid,42.91274,-85.66582,175,1
The Rapid,42.91894,-85.66613,175,1
The Rapid,42.9278,-85.66653,175,1
The Rapid,42.93588,-85.66697,175,1
The Rapid,42.94304,-85.66725,175,1
The Rapid,42.94893,-85.66735,175,1
The Rapid,42.95531,-85.6675,175,1
The Rapid,42.95763,-85.664,175,1
The Rapid,42.96326,-85.66472,175,1
The Rapid,42.96861,-85.66488,175,1
The Rapid,42.9706,-85.6673,469,1
The Rapid,42.96888,-85.67226,469,1
The Rapid,42.96518,-85.6723,475,1
The Rapid,42.92637,-85.60895,78,1
The Rapid,42.9548,-85.66776,124,1
The Rapid,42.94939,-85.66766,124,1
The Rapid,42.91144,-85.66604,124,1
The Rapid,42.8992,-85.66551,124,1
The Rapid,42.8674,-85.66428,124,1
The Rapid,42.90039,-85.66527,124,1
The Rapid,42.94966,-85.66738,124,1
The Rapid,42.95873,-85.66402,77,1
The Rapid,42.95705,-85.66416,72,1
The Rapid,43.00352,-85.77757,60,1
The Rapid,42.95943,-85.67331,373,1
The Rapid,42.95978,-85.67316,610,1
The Rapid,42.88903,-85.56735,56,1
The Rapid,42.88924,-85.56718,56,1
The Rapid,42.95967,-85.67226,672,2
The Rapid,42.85811,-85.71427,176,1
The Rapid,42.88662,-85.76257,88,1
The Rapid,42.88466,-85.76212,88,1
The Rapid,42.8564,-85.72082,176,1
The Rapid,42.85609,-85.71501,176,1
The Rapid,42.85981,-85.71668,176,1
The Rapid,42.87793,-85.62508,88,1
The Rapid,42.88468,-85.7635,74,1
The Rapid,42.88477,-85.76829,74,1
The Rapid,42.88465,-85.76821,77,1
The Rapid,42.88454,-85.76282,77,1
The Rapid,42.84106,-85.68028,83,1
The Rapid,42.88471,-85.74956,72,1
The Rapid,42.88469,-85.75319,72,1
The Rapid,42.91583,-85.53059,296,1
The Rapid,42.91466,-85.50061,105,1
The Rapid,42.9132,-85.54888,100,1
The Rapid,42.91533,-85.54901,100,1
The Rapid,42.92017,-85.53514,100,1
The Rapid,42.91295,-85.52376,100,1
The Rapid,42.91298,-85.51736,100,1
The Rapid,42.91301,-85.51366,100,1
The Rapid,42.91303,-85.50754,100,1
The Rapid,42.91304,-85.50595,100,1
The Rapid,42.91323,-85.50875,98,1
The Rapid,42.9132,-85.51308,98,1
The Rapid,42.91319,-85.51736,98,1
The Rapid,42.91319,-85.52298,98,1
The Rapid,42.91277,-85.54399,98,1
The Rapid,42.91269,-85.55019,98,1
The Rapid,42.98773,-85.77702,58,1
The Rapid,42.88411,-85.78215,77,1
The Rapid,42.96277,-85.63848,77,1
The Rapid,42.97511,-85.6197,77,1
The Rapid,42.97505,-85.61482,77,1
The Rapid,42.97066,-85.61034,72,1
The Rapid,42.97483,-85.61094,72,1
The Rapid,42.9752,-85.6149,72,1
The Rapid,42.97526,-85.61955,72,1
The Rapid,42.97052,-85.6797,350,1
The Rapid,42.96874,-85.67912,350,1
The Rapid,42.96632,-85.67034,350,1
The Rapid,42.96556,-85.6681,358,1
The Rapid,42.95948,-85.67027,292,1
The Rapid,42.95501,-85.66849,584,1
The Rapid,42.96241,-85.66798,350,1
The Rapid,42.96099,-85.67199,350,1
The Rapid,42.95957,-85.67008,292,1
The Rapid,42.96645,-85.66993,350,1
The Rapid,42.96645,-85.67261,350,1
The Rapid,42.97281,-85.61035,72,1
The Rapid,42.9699,-85.67233,292,1
The Rapid,42.8555,-85.7191,176,1
The Rapid,42.86005,-85.72134,89,1
The Rapid,42.90259,-85.69514,87,1
The Rapid,42.98591,-85.717,89,1
The Rapid,42.96396,-85.66803,350,1
The Rapid,42.95775,-85.67003,292,1
The Rapid,42.98834,-85.75474,28,1
The Rapid,42.91269,-85.55605,98,1
The Rapid,42.91246,-85.55498,100,1
The Rapid,42.98227,-85.67048,292,1
The Rapid,42.88734,-85.68478,88,1
The Rapid,42.88631,-85.68445,89,1
The Rapid,42.91517,-85.70544,88,1
The Rapid,42.92734,-85.70561,72,1
The Rapid,42.8811,-85.76269,77,1
The Rapid,42.88458,-85.53434,56,1
The Rapid,42.97495,-85.62506,72,1
The Rapid,42.97424,-85.62449,77,1
The Rapid,42.97269,-85.61052,77,1
The Rapid,42.96104,-85.66944,350,1
The Rapid,42.96054,-85.67535,292,1
The Rapid,42.95781,-85.6702,292,1
The Rapid,42.96841,-85.69754,77,1
The Rapid,42.89795,-85.56698,26,1
The Rapid,42.90355,-85.69498,89,1
The Rapid,42.90224,-85.7758,144,1
The Rapid,42.9089,-85.7654,72,1
The Rapid,42.90741,-85.76981,72,1
The Rapid,42.90589,-85.77245,72,1
The Rapid,42.90219,-85.7723,72,1
The Rapid,42.89961,-85.77564,72,1
The Rapid,42.90519,-85.77577,72,1
The Rapid,42.90732,-85.76958,72,1
The Rapid,42.90884,-85.76514,202,1
The Rapid,42.92703,-85.62019,72,1
The Rapid,42.96351,-85.67866,631,2
The Rapid,42.96357,-85.68722,331,1
The Rapid,42.96388,-85.6979,331,1
The Rapid,42.97152,-85.71748,331,1
The Rapid,42.97203,-85.74659,331,1
The Rapid,42.97224,-85.76156,331,1
The Rapid,42.97236,-85.77171,331,1
The Rapid,42.97243,-85.78042,331,1
The Rapid,42.97221,-85.77946,331,1
The Rapid,42.97215,-85.77097,331,1
The Rapid,42.97205,-85.76151,331,1
The Rapid,42.97186,-85.74712,331,1
The Rapid,42.97136,-85.71854,331,1
The Rapid,42.96378,-85.699,331,1
The Rapid,42.96346,-85.68768,331,1
The Rapid,42.96325,-85.6786,331,1
The Rapid,42.97036,-85.66131,309,1
The Rapid,42.90633,-85.73954,88,1
The Rapid,42.91111,-85.62777,162,1
The Rapid,42.86328,-85.72304,89,1
The Rapid,42.97497,-85.71007,77,1
The Rapid,42.91368,-85.74746,131,1
The Rapid,42.97465,-85.61065,77,1
The Rapid,42.961,-85.67357,622,2
